{"1": 0.5525519218331847, "2": 0.1890555979616461, "3": 0.11429648184064836, "4": 0.15705465127125626, "5": 0.12461933312664855, "6": 0.1440198518458991}